"Subtype","N","Percent"
"Basal/Triple-negative",218,20.7619047619048
"HER2+",103,9.80952380952381
"Luminal A",450,42.8571428571429
"Luminal B",279,26.5714285714286
