"Subtype","N_Chemo_Treated","Events","HR","HR_lower","HR_upper","p_value"
"Luminal A",48,23,1.12625674673753,0.495319604101904,2.56088038726372,0.776646858967153
"Luminal B",30,17,0.89571008901954,0.339966964692274,2.35992507183044,0.823670387361266
"HER2+",51,34,1.1576379638185,0.580764427684234,2.30752021196878,0.677463605133294
"Basal/Triple-negative",100,46,1.26068462778771,0.608248375815794,2.6129551576831,0.533306016478748
