"Analysis","N","Events","HR","HR_lower","HR_upper","Cox_p","Logrank_p","Interaction_p"
"Hormone Therapy Treated (ER+)",580,230,1.13143245887766,0.872663397691654,1.46693377124346,0.351348050171301,0.350939216111862,0.584181266639967
"Hormone Therapy Untreated (ER+)",228,94,0.992569021997616,0.661715569645563,1.4888470343187,0.971238610378553,0.971238544455182,0.584181266639967
