"Analysis","AUC","AUC_lower","AUC_upper","Optimal_cutpoint","Sensitivity","Specificity","PPV","NPV"
"Chemotherapy Resistance",0.493424036281179,0.402570902081321,0.584277170481037,7.02484960410164,0.326530612244898,0.744444444444444,0.258064516129032,0.802395209580838
"Hormone Therapy Resistance",0.497752713704206,0.41537025894756,0.580135168460853,8.344320801742,0.909090909090909,0.175373134328358,0.0829875518672199,0.959183673469388
