"Group","N","HR","Lower","Upper","P_value","Significant"
"Overall Cohort",1050,1.05847816009882,0.875585447093195,1.27957359173299,0.557068373324876,"No"
"Chemotherapy Treated",229,1.03702319505101,0.721283382950301,1.4909772393133,0.844416310683863,"No"
"Chemotherapy Untreated",821,1.02308810647405,0.818142249327716,1.27937320737164,0.841381090979087,"No"
"Hormone Therapy Treated",580,1.13143245887766,0.872663397691654,1.46693377124346,0.351348050171301,"No"
"Luminal A",450,1.28590465042347,0.935901339900169,1.76680030200307,0.12083172352071,"No"
"Luminal B",279,1.00118563408146,0.704824224801165,1.4221597933497,0.994720638507222,"No"
"HER2+",103,1.09955132625697,0.632190255393695,1.91241973244362,0.736816409462706,"No"
"Basal/Triple-negative",218,1.05887373636423,0.642533219398869,1.74498929504518,0.822408674972184,"No"
