"term","estimate","std.error","statistic","p.value","conf.low","conf.high"
"BLVRB_EXPRESSION_GROUPBLVRB-low",1.12479836059994,0.133280256778562,0.88237963680535,0.37757154382942,0.866216225494176,1.46057221600361
"AGE_AT_DIAGNOSIS",1.0140627267141,0.00604651914939518,2.30955423698387,0.0209128456712279,1.00211603981482,1.02615183557071
"TUMOR_STAGE",1.51053783334197,0.128364393734154,3.21324127689825,0.00131245984273025,1.17453952810738,1.94265453937864
"GRADE",1.19919576088832,0.115368373414204,1.57453145497796,0.115364635457567,0.956507428308591,1.50345980634515
"PR_STATUSPositive",0.881417249386513,0.139419109125469,-0.905357645137178,0.365275946585248,0.670668308100581,1.15839135103365
"HER2_STATUSPositive",1.7740886956712,0.203161883325672,2.82182302513129,0.00477515204389862,1.19136166093041,2.64184319785006
"LYMPH_NODES_EXAMINED_POSITIVE",1.07043305191457,0.0149017988744089,4.56745447883936,0.00000493682844768583,1.03962107823652,1.10215822150776
