"CNA_Group","N","Percent"
"Amplified",71,6.76190476190476
"Deleted",96,9.14285714285714
"Neutral",883,84.0952380952381
NA,0,0
