"SUBTYPE_SIMPLE","N","Mean_BLVRB","Median_BLVRB","SD_BLVRB","Q1_BLVRB","Q3_BLVRB"
"Basal/Triple-negative",218,7.17793720368347,7.08514838382872,0.722059518606833,6.63963545605068,7.55976700214703
"HER2+",103,7.84913465124079,7.84455906897123,0.706514501249016,7.40948483246036,8.29027094119279
"Luminal A",450,7.591087153419,7.5819876423884,0.659074089925297,7.13988454557406,8.01329651728703
"Luminal B",279,7.84485204484592,7.8613368178635,0.740514689150853,7.32349324428471,8.2829778736869
