"Statistic","Value"
"N",1050
"Mean",7.59805154193463
"Median",7.57320252369512
"SD",0.739410739866073
"Min",5.77517610332555
"Max",9.89730868106849
"Q1",7.08607691099198
"Q3",8.09971043727848
"IQR",1.0136335262865
