"Analysis","N","Events","HR","HR_lower","HR_upper","Cox_p","Logrank_p","Interaction_p"
"Chemotherapy Treated",229,120,1.03702319505101,0.721283382950301,1.4909772393133,0.844416310683863,0.844226322144559,0.972334452490416
"Chemotherapy Untreated",821,309,1.02308810647405,0.818142249327716,1.27937320737164,0.841381090979087,0.841335528854452,0.972334452490416
