"term","estimate","std.error","statistic","p.value","conf.low","conf.high"
"BLVRB_EXPRESSION_GROUPBLVRB-low",1.00592814110078,0.190692847344867,0.0309955978488986,0.975273050395264,0.692227601114702,1.46179005782059
"AGE_AT_DIAGNOSIS",1.00808747953327,0.00913327245310927,0.88193483509591,0.377812047785102,0.990202378582623,1.02629562236196
"TUMOR_STAGE",1.07283911765667,0.194800633975808,0.360925496111947,0.718155143324406,0.73235221603609,1.57162598428953
"GRADE",0.900783553267094,0.235706345676769,-0.443307028420408,0.657543672745717,0.567527411758017,1.42973007651384
"ER_STATUSPositive",0.716140297765804,0.214648675525959,-1.55546817979716,0.119834607237799,0.470206716807874,1.09070523187283
"HER2_STATUSPositive",1.13552879837499,0.217873571199201,0.583358703799177,0.559651851641244,0.740873110939664,1.74041361860676
"LYMPH_NODES_EXAMINED_POSITIVE",1.07263387059409,0.015626894666349,4.48695576404396,0.00000722480679233426,1.04027909149748,1.10599494861466
